Workbook

Sheet Dashboard
A1: Tổng hợp đăng ký bán hàng nội bộ
A2: Số liệu tự tính từ sheet Registrations và Slots. Ô nền vàng là ô cần điền (sheet Config).
A4: 1. Theo kho
A5: Kho | B5: Tổng slot | C5: Đã đăng ký | D5: Còn trống | E5: Tỷ lệ đã đăng ký
A6: AYA | B6: =COUNTIF(Slots!$A$2:$A$91,$A6) | C6: =COUNTIFS(Slots!$A$2:$A$91,$A6,Slots!$E$2:$E$91,"<>Còn trống") | D6: =B6-C6 | E6: =IF(B6=0,0,C6/B6)
A7: AYB | B7: =COUNTIF(Slots!$A$2:$A$91,$A7) | C7: =COUNTIFS(Slots!$A$2:$A$91,$A7,Slots!$E$2:$E$91,"<>Còn trống") | D7: =B7-C7 | E7: =IF(B7=0,0,C7/B7)
A8: AYC | B8: =COUNTIF(Slots!$A$2:$A$91,$A8) | C8: =COUNTIFS(Slots!$A$2:$A$91,$A8,Slots!$E$2:$E$91,"<>Còn trống") | D8: =B8-C8 | E8: =IF(B8=0,0,C8/B8)
A9: Tổng | B9: =SUM(B6:B8) | C9: =SUM(C6:C8) | D9: =SUM(D6:D8) | E9: =IF(B9=0,0,C9/B9)
A11: 2. Theo trạng thái đơn
A12: Trạng thái | B12: Số đơn
A13: Chờ nộp tiền | B13: =COUNTIF(Registrations!$L$2:$L$5000,$A13)
A14: Đã khai nộp - chờ đối soát | B14: =COUNTIF(Registrations!$L$2:$L$5000,$A14)
A15: Đã xác nhận | B15: =COUNTIF(Registrations!$L$2:$L$5000,$A15)
A16: Từ chối | B16: =COUNTIF(Registrations!$L$2:$L$5000,$A16)
A17: Hủy | B17: =COUNTIF(Registrations!$L$2:$L$5000,$A17)
A18: Chưa có trạng thái | B18: =COUNTIFS(Registrations!$D$2:$D$5000,"<>",Registrations!$L$2:$L$5000,"")
A19: Tổng số đơn | B19: =SUM(B13:B18)
A21: 3. Kiểm soát (Jeong-Do)
A22: Chỉ tiêu | B22: Kết quả | C22: Cần làm khi khác 0
A23: Tổng lượt đăng ký | B23: =COUNTA(Registrations!$D$2:$D$5000)
A24: Số mã NV khác nhau | B24: =SUMPRODUCT((Registrations!$D$2:$D$5000<>"")/COUNTIF(Registrations!$D$2:$D$5000,Registrations!$D$2:$D$5000&""))
A25: Lượt đăng ký vượt hạn mức 1 SP/NV | B25: =B23-B24 | C25: Lọc cột Mã NV (tô đỏ) để xử lý đơn thừa
A26: Slot bị đăng ký trùng | B26: =COUNTIF(Slots!$E$2:$E$91,"Trùng đăng ký") | C26: Xét theo Timestamp, giữ người đến trước
A27: Đăng ký sai kho so với slot | B27: =COUNTIF(Slots!$I$2:$I$91,"Sai kho") | C27: Liên hệ NV xác nhận lại kho
A28: Slot không có trong danh sách | B28: =SUMPRODUCT((Registrations!$H$2:$H$5000<>"")*(COUNTIF(Slots!$C$2:$C$91,Registrations!$H$2:$H$5000)=0)) | C28: Kiểm tra mã slot NV nhập
A29: Chưa xác nhận cam kết Jeong-Do | B29: =COUNTIFS(Registrations!$D$2:$D$5000,"<>",Registrations!$K$2:$K$5000,"<>Đồng ý") | C29: Yêu cầu NV xác nhận trước khi giao hàng
A30: Nộp hộ (người nộp khác người đăng ký) | B30: =SUMPRODUCT((Registrations!$N$2:$N$5000<>"")*(Registrations!$N$2:$N$5000<>Registrations!$D$2:$D$5000)) | C30: Đối chiếu sao kê theo tên người nộp

Sheet Registrations
A1: Timestamp | B1: Mã Đợt | C1: Bộ Phận | D1: Mã NV Đăng Ký | E1: Họ Tên NV Đăng Ký | F1: Kho | G1: Mã Model | H1: Slot ID | I1: Số Điện Thoại | J1: Địa Chỉ Giao Hàng | K1: Cam Kết Jeong-Do | L1: Trạng Thái | M1: Họ Tên NV Nộp Tiền | N1: Mã NV Nộp Tiền | O1: Số Tiền Đã Chuyển Khoản | P1: Ngân Hàng & Mã GD | Q1: Thời Gian Nộp Tiền | R1: Link Biên Lai | S1: PM Xác Nhận Bởi | T1: Ngày PM Xác Nhận | U1: Ghi Chú | V1: User Agent

Sheet Slots
A1: WH (Kho) | B1: No | C1: Slot ID | D1: Model | E1: Trạng Thái Slot | F1: Số Lượt Đăng Ký | G1: Mã NV Đăng Ký | H1: Họ Tên NV Đăng Ký | I1: Khớp Kho
A2: AYA | B2: 1 | C2: #001 | D2: OLED77G5PSA.ATV | E2: =IF(F2=0,"Còn trống",IF(F2=1,"Đã đăng ký","Trùng đăng ký")) | F2: =COUNTIF(Registrations!$H$2:$H$5000,$C2) | G2: =IFERROR(INDEX(Registrations!$D$2:$D$5000,MATCH($C2,Registrations!$H$2:$H$5000,0)),"") | H2: =IFERROR(INDEX(Registrations!$E$2:$E$5000,MATCH($C2,Registrations!$H$2:$H$5000,0)),"") | I2: =IF(F2=0,"",IF(IFERROR(INDEX(Registrations!$F$2:$F$5000,MATCH($C2,Registrations!$H$2:$H$5000,0)),"")=$A2,"Khớp","Sai kho"))
A3: AYA | B3: 2 | C3: #002 | D3: 65QNED92ASA.ATV | E3: =IF(F3=0,"Còn trống",IF(F3=1,"Đã đăng ký","Trùng đăng ký")) | F3: =COUNTIF(Registrations!$H$2:$H$5000,$C3) | G3: =IFERROR(INDEX(Registrations!$D$2:$D$5000,MATCH($C3,Registrations!$H$2:$H$5000,0)),"") | H3: =IFERROR(INDEX(Registrations!$E$2:$E$5000,MATCH($C3,Registrations!$H$2:$H$5000,0)),"") | I3: =IF(F3=0,"",IF(IFERROR(INDEX(Registrations!$F$2:$F$5000,MATCH($C3,Registrations!$H$2:$H$5000,0)),"")=$A3,"Khớp","Sai kho"))
A4: AYA | B4: 3 | C4: #003 | D4: 65QNED92ASA.ATV | E4: =IF(F4=0,"Còn trống",IF(F4=1,"Đã đăng ký","Trùng đăng ký")) | F4: =COUNTIF(Registrations!$H$2:$H$5000,$C4) | G4: =IFERROR(INDEX(Registrations!$D$2:$D$5000,MATCH($C4,Registrations!$H$2:$H$5000,0)),"") | H4: =IFERROR(INDEX(Registrations!$E$2:$E$5000,MATCH($C4,Registrations!$H$2:$H$5000,0)),"") | I4: =IF(F4=0,"",IF(IFERROR(INDEX(Registrations!$F$2:$F$5000,MATCH($C4,Registrations!$H$2:$H$5000,0)),"")=$A4,"Khớp","Sai kho"))
A5: AYA | B5: 4 | C5: #004 | D5: 43QNED81ASA.ATV | E5: =IF(F5=0,"Còn trống",IF(F5=1,"Đã đăng ký","Trùng đăng ký")) | F5: =COUNTIF(Registrations!$H$2:$H$5000,$C5) | G5: =IFERROR(INDEX(Registrations!$D$2:$D$5000,MATCH($C5,Registrations!$H$2:$H$5000,0)),"") | H5: =IFERROR(INDEX(Registrations!$E$2:$E$5000,MATCH($C5,Registrations!$H$2:$H$5000,0)),"") | I5: =IF(F5=0,"",IF(IFERROR(INDEX(Registrations!$F$2:$F$5000,MATCH($C5,Registrations!$H$2:$H$5000,0)),"")=$A5,"Khớp","Sai kho"))
A6: AYA | B6: 5 | C6: #005 | D6: 55QNED80ASA.ATV | E6: =IF(F6=0,"Còn trống",IF(F6=1,"Đã đăng ký","Trùng đăng ký")) | F6: =COUNTIF(Registrations!$H$2:$H$5000,$C6) | G6: =IFERROR(INDEX(Registrations!$D$2:$D$5000,MATCH($C6,Registrations!$H$2:$H$5000,0)),"") | H6: =IFERROR(INDEX(Registrations!$E$2:$E$5000,MATCH($C6,Registrations!$H$2:$H$5000,0)),"") | I6: =IF(F6=0,"",IF(IFERROR(INDEX(Registrations!$F$2:$F$5000,MATCH($C6,Registrations!$H$2:$H$5000,0)),"")=$A6,"Khớp","Sai kho"))
A7: AYA | B7: 6 | C7: #006 | D7: 75NANO80ASA.ATV | E7: =IF(F7=0,"Còn trống",IF(F7=1,"Đã đăng ký","Trùng đăng ký")) | F7: =COUNTIF(Registrations!$H$2:$H$5000,$C7) | G7: =IFERROR(INDEX(Registrations!$D$2:$D$5000,MATCH($C7,Registrations!$H$2:$H$5000,0)),"") | H7: =IFERROR(INDEX(Registrations!$E$2:$E$5000,MATCH($C7,Registrations!$H$2:$H$5000,0)),"") | I7: =IF(F7=0,"",IF(IFERROR(INDEX(Registrations!$F$2:$F$5000,MATCH($C7,Registrations!$H$2:$H$5000,0)),"")=$A7,"Khớp","Sai kho"))
A8: AYA | B8: 7 | C8: #007 | D8: 75NANO80ASA.ATV | E8: =IF(F8=0,"Còn trống",IF(F8=1,"Đã đăng ký","Trùng đăng ký")) | F8: =COUNTIF(Registrations!$H$2:$H$5000,$C8) | G8: =IFERROR(INDEX(Registrations!$D$2:$D$5000,MATCH($C8,Registrations!$H$2:$H$5000,0)),"") | H8: =IFERROR(INDEX(Registrations!$E$2:$E$5000,MATCH($C8,Registrations!$H$2:$H$5000,0)),"") | I8: =IF(F8=0,"",IF(IFERROR(INDEX(Registrations!$F$2:$F$5000,MATCH($C8,Registrations!$H$2:$H$5000,0)),"")=$A8,"Khớp","Sai kho"))
A9: AYA | B9: 8 | C9: #008 | D9: 75NANO80ASA.ATV | E9: =IF(F9=0,"Còn trống",IF(F9=1,"Đã đăng ký","Trùng đăng ký")) | F9: =COUNTIF(Registrations!$H$2:$H$5000,$C9) | G9: =IFERROR(INDEX(Registrations!$D$2:$D$5000,MATCH($C9,Registrations!$H$2:$H$5000,0)),"") | H9: =IFERROR(INDEX(Registrations!$E$2:$E$5000,MATCH($C9,Registrations!$H$2:$H$5000,0)),"") | I9: =IF(F9=0,"",IF(IFERROR(INDEX(Registrations!$F$2:$F$5000,MATCH($C9,Registrations!$H$2:$H$5000,0)),"")=$A9,"Khớp","Sai kho"))
A10: AYA | B10: 9 | C10: #009 | D10: 75NANO80ASA.ATV | E10: =IF(F10=0,"Còn trống",IF(F10=1,"Đã đăng ký","Trùng đăng ký")) | F10: =COUNTIF(Registrations!$H$2:$H$5000,$C10) | G10: =IFERROR(INDEX(Registrations!$D$2:$D$5000,MATCH($C10,Registrations!$H$2:$H$5000,0)),"") | H10: =IFERROR(INDEX(Registrations!$E$2:$E$5000,MATCH($C10,Registrations!$H$2:$H$5000,0)),"") | I10: =IF(F10=0,"",IF(IFERROR(INDEX(Registrations!$F$2:$F$5000,MATCH($C10,Registrations!$H$2:$H$5000,0)),"")=$A10,"Khớp","Sai kho"))
A11: AYA | B11: 10 | C11: #010 | D11: 75NANO80ASA.ATV | E11: =IF(F11=0,"Còn trống",IF(F11=1,"Đã đăng ký","Trùng đăng ký")) | F11: =COUNTIF(Registrations!$H$2:$H$5000,$C11) | G11: =IFERROR(INDEX(Registrations!$D$2:$D$5000,MATCH($C11,Registrations!$H$2:$H$5000,0)),"") | H11: =IFERROR(INDEX(Registrations!$E$2:$E$5000,MATCH($C11,Registrations!$H$2:$H$5000,0)),"") | I11: =IF(F11=0,"",IF(IFERROR(INDEX(Registrations!$F$2:$F$5000,MATCH($C11,Registrations!$H$2:$H$5000,0)),"")=$A11,"Khớp","Sai kho"))
A12: AYA | B12: 11 | C12: #011 | D12: 75NANO80ASA.ATV | E12: =IF(F12=0,"Còn trống",IF(F12=1,"Đã đăng ký","Trùng đăng ký")) | F12: =COUNTIF(Registrations!$H$2:$H$5000,$C12) | G12: =IFERROR(INDEX(Registrations!$D$2:$D$5000,MATCH($C12,Registrations!$H$2:$H$5000,0)),"") | H12: =IFERROR(INDEX(Registrations!$E$2:$E$5000,MATCH($C12,Registrations!$H$2:$H$5000,0)),"") | I12: =IF(F12=0,"",IF(IFERROR(INDEX(Registrations!$F$2:$F$5000,MATCH($C12,Registrations!$H$2:$H$5000,0)),"")=$A12,"Khớp","Sai kho"))
A13: AYA | B13: 12 | C13: #012 | D13: 75NANO80ASA.ATV | E13: =IF(F13=0,"Còn trống",IF(F13=1,"Đã đăng ký","Trùng đăng ký")) | F13: =COUNTIF(Registrations!$H$2:$H$5000,$C13) | G13: =IFERROR(INDEX(Registrations!$D$2:$D$5000,MATCH($C13,Registrations!$H$2:$H$5000,0)),"") | H13: =IFERROR(INDEX(Registrations!$E$2:$E$5000,MATCH($C13,Registrations!$H$2:$H$5000,0)),"") | I13: =IF(F13=0,"",IF(IFERROR(INDEX(Registrations!$F$2:$F$5000,MATCH($C13,Registrations!$H$2:$H$5000,0)),"")=$A13,"Khớp","Sai kho"))
... A91: AYA | B91: 90 | C91: #090 | D91: 75MRGB86BSA.AGADLHX | E91: =IF(F91=0,"Còn trống",IF(F91=1,"Đã đăng ký","Trùng đăng ký")) | F91: =COUNTIF(Registrations!$H$2:$H$5000,$C91) | G91: =IFERROR(INDEX(Registrations!$D$2:$D$5000,MATCH($C91,Registrations!$H$2:$H$5000,0)),"") | H91: =IFERROR(INDEX(Registrations!$E$2:$E$5000,MATCH($C91,Registrations!$H$2:$H$5000,0)),"") | I91: =IF(F91=0,"",IF(IFERROR(INDEX(Registrations!$F$2:$F$5000,MATCH($C91,Registrations!$H$2:$H$5000,0)),"")=$A91,"Khớp","Sai kho"))

Sheet Divisions
A1: Bộ Phận | B1: Nhóm
A2: CUSTOMER CARE & SERVICE DIRECTOR | B2: Quản lý & khác
A3: D2C DEPARTMENT HEAD | B3: Quản lý & khác
A4: ES CAC PM | B4: Quản lý & khác
A5: GTM DEPARTMENT | B5: Quản lý & khác
A6: HCM BRANCH | B6: HCM
A7: HCM BUSINESS PLANNING | B7: HCM
A8: HCM DEMAND PLANNING | B8: HCM
A9: HCM DX Marketing | B9: HCM
A10: HCM MARKETING SUPPORT (B2B) | B10: HCM
A11: HCM MOBILE FIELD TEST | B11: HCM
A12: HCM NEW BIZ DEVELOPMENT | B12: HCM
... A174: OTHER | B174: OTHER

Sheet Config
A1: Key | B1: Value | C1: Description
A2: CAMPAIGN_CODE | C2: Mã đợt bán, ví dụ IS-2026-10-01
A3: CAMPAIGN_NAME | C3: Tên đợt bán hiển thị trên trang đăng ký
A4: OPEN_TIME | C4: Thời điểm mở cổng (dd/mm/yyyy hh:mm)
A5: CLOSE_TIME | C5: Hạn chót đăng ký (dd/mm/yyyy hh:mm)
A6: MAX_PER_EMPLOYEE | B6: 1 | C6: Hạn mức sản phẩm cho mỗi nhân viên (theo portal)
A7: WAREHOUSES | B7: AYA, AYB, AYC | C7: Danh sách kho
A8: SLOT_TOTAL | B8: =COUNTA(Slots!$C$2:$C$91) | C8: Tự đếm từ sheet Slots
A9: PIC_EMAIL_PRIMARY | C9: Email PM phụ trách, nhận thông báo đăng ký
A10: PIC_EMAIL_CC | C10: Email CC (để trống nếu không có)
A11: PIC_NAME_PRIMARY | C11: Tên hiển thị PM phụ trách
A12: BANK_ACCOUNT_NAME | B12: CÔNG TY TNHH LG ELECTRONICS VIỆT NAM HẢI PHÒNG | C12: Lấy từ bản mẫu portal. Cần Tài chính xác nhận trước khi dùng
A13: BANK_ACCOUNT_NO | B13: 0991000012525 | C13: Lấy từ bản mẫu portal. Cần Tài chính xác nhận trước khi dùng
A14: BANK_NAME | B14: Vietcombank - Chi nhánh Tây Hồ | C14: Lấy từ bản mẫu portal. Cần Tài chính xác nhận trước khi dùng
A15: TRANSFER_SYNTAX | B15: [Mã NV] - [Họ Tên] - [Mã Model] - [Slot ID] | C15: Cú pháp nội dung chuyển khoản
A17: Ô nền vàng: cần điền hoặc cần xác nhận trước khi mở đợt bán.

Sheet ActivityLog
A1: Timestamp | B1: Action | C1: Mã NV | D1: Slot ID | E1: User Agent | F1: Details

Sheet AutoEmail
A1: Họ Tên | B1: Mã NV | C1: Email | D1: Loại Email | E1: Thời Gian Gửi
